GameNumber,Moneyline,Risk,Win,Return,Profit,MLRolloverOdds
1,-150,100,66.66666666666667,166.66666666666669,66.66666666666669,166.66666666666669
2,-125,166.66666666666669,133.33333333333334,300.0,200.0,300.0
3,-110,300.0,272.7272727272727,572.7272727272727,472.72727272727275,572.7272727272727
4,-105,572.7272727272727,545.4545454545455,1118.1818181818182,1018.1818181818182,1118.1818181818182
5,-120,1118.1818181818182,931.8181818181819,2050.0,1950.0,2050.0
6,-130,2050.0,1576.923076923077,3626.923076923077,3526.923076923077,3626.923076923077
7,-110,3626.923076923077,3297.2027972027972,6924.125874125874,6824.125874125874,6924.125874125874
